Name,ETH WALLET (from Wallet Data 2),Total Points,actual ZAO onchain,ZRespect Sum,Form/Intros Sum,Fractal Host sum,ZAO Festivals sum,Respect link,Forms/Introductions link,Fractal Hosts link,ZAO Festivals Link,Wallet Data,Wallet Data 2
Zaal,0x7234c36A71ec237c2Ae7698e8916e0735001E9Af,3558,3096,2103,35,920,500,Zaal,Zaal,Zaal,Zaal,Zaal,Zaal
Attabotty,0x7990d756acf4e12afc41f995130a33925fb868ee,3079,3079,1669,190,720,500,Attabotty,Attabotty,Attabotty,Attabotty,Attabotty,Attabotty
Hurric4n3ike,0x29F5DeE65E1Fb856B816EaB4f0B702c10e5Eaa34,2740,2512,2130,610,0,0,Hurric4n3ike,Hurric4n3ike,Hurric4n3ike,Hurric4n3ike,Hurric4n3ike,Hurric4n3ike
Prizem,0x65284960d4eAdaf45e923430A59B7D3Bf34dB641,2550,2278,2040,510,0,0,Prizem,Prizem,Prizem,Prizem,Prizem,Prizem
EZinCrypto,0xfAb9a3D37999E12252b47468D2FFD4BE15936012,2402,2319,2072,110,220,0,EZinCrypto,EZinCrypto,EZinCrypto,EZinCrypto,EZinCrypto,EZinCrypto
CandyToyBox,0x8D43A3fC2fed663BF6B82Ea4792C0e5239D5eE66,2360,1914,1665,195,0,500,CandyToyBox,CandyToyBox,CandyToyBox,CandyToyBox,CandyToyBox,CandyToyBox
Gneric,0x744cdf12d5d289db118ed9293c10cfa952169071,1659,1499,1624,35,0,0,Gneric,Gneric,Gneric,Gneric,Gneric,Gneric
Ohnahji B,0x64a15b1d2de581097cb48e5d82619203e24bb3e1,1581,1265,1351,110,120,0,Ohnahji B,Ohnahji B,Ohnahji B,Ohnahji B,Ohnahji B,Ohnahji B
jed XO,0xA70fE49c71529808EB881455073bEdED47f7016C,1379,1379,1214,165,0,0,jed XO,jed XO,jed XO,jed XO,jed XO,jed XO
heather,0xbC66077E3a212c5f255Cfc986e7C0508cFeABFD1,1147,1147,1022,45,80,0,heather,heather,heather,heather,heather,heather
FailOften,0xfda73b8459f66b6758d1809372df921365053af1,1122,1122,857,15,0,250,FailOften,FailOften,FailOften,FailOften,FailOften,FailOften
Meta Mu,0x2d9cBC4ECFBd1B8F66Aa798FD51585AE058dAA8B,1023,825,1023,0,0,0,Meta Mu,Meta Mu,Meta Mu,Meta Mu,Meta Mu,Meta Mu
Jose (Joesph Goats),0x29185eB8cfD22Aa719529217bFbadE61677e0Ad2,968,600,968,0,0,0,Jose (Joesph Goats),Jose (Joesph Goats),Jose (Joesph Goats),Jose (Joesph Goats),Jose (Joesph Goats),Jose (Joesph Goats)
Jango UU,0xF6519fEf3EAcfdB7843BEEa94a887255794438F0,940,910,625,65,0,250,Jango UU,Jango UU,Jango UU,Jango UU,Jango UU,Jango UU
Tricky,0x1aF4c2950C5c892D1F4aacd60E8f656A14555E5A,878,878,618,10,0,250,Tricky,Tricky,Tricky,Tricky,Tricky,Tricky
Zach L.,0xb7f4b9CAbA6bb0AEaA2B5d8dF23E2B59c192bDbB,799,611,799,0,0,0,Zach L.,Zach L.,Zach L.,Zach L.,Zach L.,Zach L.
fellenz,0x82Cb2305388C853eCfe9eA83a1604Acf58466659,795,647,680,65,0,50,fellenz,fellenz,fellenz,fellenz,fellenz,fellenz
Songs of Eden,0xfcf77ac2cef5eb373d8eb9163f518126cce44f47,785,785,110,675,0,0,Songs of Eden,Songs of Eden,Songs of Eden,Songs of Eden,Songs of Eden,Songs of Eden
Danici,0xc98520e01789D21509EC449DDB5285Fc56a6EED8,581,581,71,10,0,500,Danici,Danici,Danici,Danici,Danici,Danici
DopeStilo,0x5D89bc84fb2eD7C9bC5405eD0B1297114EB39fCc,520,510,10,510,0,0,DopeStilo,DopeStilo,DopeStilo,DopeStilo,DopeStilo,DopeStilo
Binx,0xE86840d9c4Db42DA83366A9ee75E57c711A34204,505,505,240,15,0,250,Binx,Binx,Binx,Binx,Binx,Binx
Krem Beats,0x9e4281619db487C2f577e67A7174Ff8F5c5e4706,500,1000,0,500,0,0,Krem Beats,Krem Beats,Krem Beats,Krem Beats,Krem Beats,Krem Beats
DCoop,0xc96Ab83C1B1605c9cf5ecc661A415E41423185D8,468,468,418,50,0,0,DCoop,DCoop,DCoop,DCoop,DCoop,DCoop
Melatto,0x69b256C8016759fDAb80aDa8e4B48Ba2F6ceA088,451,451,361,90,0,0,Melatto,Melatto,Melatto,Melatto,Melatto,Melatto
john blackwell,0x03726e10565402A1137960ba06681754BE7Fe05f,355,355,345,10,0,0,john blackwell,john blackwell,john blackwell,john blackwell,john blackwell,john blackwell
Mumbo,0x8a1891e106b504656c525b3C45a3E95F7A73A73E,340,66,330,10,0,0,Mumbo,Mumbo,Mumbo,Mumbo,Mumbo,Mumbo
Mr McFly,0x50878dF070d764AeDe0D91101d2de83FdCDCf79A,320,320,60,10,0,250,Mr McFly,Mr McFly,Mr McFly,Mr McFly,Mr McFly,Mr McFly
0$,0xEd78B6236C14c4088715cd90513C6C604275Db96,315,247,315,0,0,0,0$,0$,0$,0$,0$,0$
Mr Darius,0x38fbf3294dc874ce52f306b1bcb745d61ef028eb,300,300,0,50,0,250,Mr Darius,Mr Darius,Mr Darius,Mr Darius,Mr Darius,Mr Darius
Shawn,0x547f8B793362df477a23aF6ee05F8e4e291a2Ee4,299,299,264,35,0,0,Shawn,Shawn,Shawn,Shawn,Shawn,Shawn
Desultor,0x1D95b0b6D3582FEeC7Ef35D2CCF91564DEd0Cf7f,244,244,244,0,0,0,Desultor,Desultor,Desultor,Desultor,Desultor,Desultor
LUI,0x3D5E3102b2dF3289799F5b09fe4827A59c3e59EF,241,152,241,0,0,0,LUI,LUI,LUI,LUI,LUI,LUI
Tej,0x2c4B9348D19C85B23a1b7eA110F0295a657197f3,239,239,99,140,0,0,Tej,Tej,Tej,Tej,Tej,Tej
Trey,0x06D43fE5B16a6783Dfdaff1c6a4024e926E89E1F,220,220,220,0,0,0,Trey,Trey,Trey,Trey,Trey,Trey
Visceral,0x3cC027125a697400b0c6255b3438f4bdbff9D7A6,206,206,56,0,0,150,Visceral,Visceral,Visceral,Visceral,Visceral,Visceral
PR0F!T,0x6E11a90FD63617FA22978451076dFE1d0EaFB907,186,186,136,50,0,0,PR0F!T,PR0F!T,PR0F!T,PR0F!T,PR0F!T,PR0F!T
trishgia,0xfFa5E3849bD29a81B202e935D23F4B6CA27d58Fe,182,182,22,10,0,150,trishgia,trishgia,trishgia,trishgia,trishgia,trishgia
Anesi,0xa4a8e3d3d9907767150be04c55b5095bf639529d,178,178,178,0,0,0,Anesi,Anesi,Anesi,Anesi,Anesi,Anesi
Kosbaar,0x698e5A259c7564Fc209a31994d664Cb919725383,176,136,176,0,0,0,Kosbaar,Kosbaar,Kosbaar,Kosbaar,Kosbaar,Kosbaar
Geek Myth,0x29f9ef8286dcc4F9a94340278DB01f12c3483988,172,172,172,0,0,0,Geek Myth,Geek Myth,Geek Myth,Geek Myth,Geek Myth,Geek Myth
Carlos (Gen-Ops),,172,,172,0,0,0,Carlos (Gen-Ops),Carlos (Gen-Ops),Carlos (Gen-Ops),Carlos (Gen-Ops),Carlos (Gen-Ops),Carlos (Gen-Ops)
Jake K,0x5c4A053dE47C69F033ACEc58C2Bd1aA4d683E5aa,163,163,153,10,0,0,Jake K,Jake K,Jake K,Jake K,Jake K,Jake K
Daniel Obute,0x711741AE6e6E4Ee7Abbc02212B141E963B314185,162,162,2,160,0,0,Daniel Obute,Daniel Obute,Daniel Obute,Daniel Obute,Daniel Obute,Daniel Obute
Jen (One Love),0xCc749C4B3585B8Cbb244Afbb6c4C790Dab4204E0,150,150,0,0,0,150,Jen (One Love),Jen (One Love),Jen (One Love),Jen (One Love),Jen (One Love),Jen (One Love)
1frog9,0x6710287cee1A9d1a00251fdC9A12795EC7a86189,136,246,136,0,0,0,1frog9,1frog9,1frog9,1frog9,1frog9,1frog9
Tadas,0xAED620c450911c38714E666cd84137767e3D6286,136,,136,0,0,0,Tadas,Tadas,Tadas,Tadas,Tadas,Tadas
fernando,0x08AA4326a03aF42F45c8b82EC747430f5dE51eBd,120,120,105,15,0,0,fernando,fernando,fernando,fernando,fernando,fernando
Digital Samurai,,120,,120,0,0,0,Digital Samurai,Digital Samurai,Digital Samurai,Digital Samurai,Digital Samurai,Digital Samurai
The Blue Rush,0x76D74cfF93d1357C3EDBAb57Ae37c317A183d900,120,120,120,0,0,0,The Blue Rush,The Blue Rush,The Blue Rush,The Blue Rush,The Blue Rush,The Blue Rush
Goose Park,0xE8b8679C248307A37A2Bd35Dd43D2278ba346138,120,,120,0,0,0,Goose Park,Goose Park,Goose Park,Goose Park,Goose Park,Goose Park
Dan Singjoy,0xC11C6f47fe090a706bA82964B8A98F1682b244Ff,118,50,108,10,0,0,Dan Singjoy,Dan Singjoy,Dan Singjoy,Dan Singjoy,Dan Singjoy,Dan Singjoy
Raqs,0x3C4cBAde02a68F94D113005DA721C46A5238cDFC,117,117,117,0,0,0,Raqs,Raqs,Raqs,Raqs,Raqs,Raqs
Ginger,0xd4D92bC93cE1ce285d308b3953B47bb8311719d9,110,110,110,0,0,0,Ginger,Ginger,Ginger,Ginger,Ginger,Ginger
EVERSE,0x4b6639f68cee82ac1ff0473003af04f8007ee2d1,110,110,110,0,0,0,EVERSE,EVERSE,EVERSE,EVERSE,EVERSE,EVERSE
Ade Adeyemo,0x41FD6111B3a62CF126b57AACc620eac7C7ba3c5c,110,110,110,0,0,0,Ade Adeyemo,Ade Adeyemo,Ade Adeyemo,Ade Adeyemo,Ade Adeyemo,Ade Adeyemo
Motomoto,0x849e1c0b2460979d2f7c77b87b90c65c70406421,110,,110,0,0,0,Motomoto,Motomoto,Motomoto,Motomoto,Motomoto,Motomoto
Adam Songjam,0xA0cb079D354b66188f533A919d1c58cd67aFe398,110,,110,0,0,0,Adam Songjam,Adam Songjam,Adam Songjam,Adam Songjam,Adam Songjam,Adam Songjam
Rensley,,110,,110,0,0,0,Rensley,Rensley,Rensley,Rensley,Rensley,Rensley
Cannon Jones,0x316c6d65208EFc20E5F66F9aC58D0b21EF78F4fC,110,,110,0,0,0,Cannon Jones,Cannon Jones,Cannon Jones,Cannon Jones,Cannon Jones,Cannon Jones
Eric W,0x41dbC193481c10Fb019Cb9Ceaab7caf909CB8414,110,,110,0,0,0,Eric W,Eric W,Eric W,Eric W,Eric W,Eric W
Will T,0x461acd846B4cc249b96242F1AB7c72a39d94747c,110,,110,0,0,0,Will T,Will T,Will T,Will T,Will T,Will T
davyd,0xD6C09962E907428112069273d5C0dc861e7B1C57,100,100,0,100,0,0,davyd,davyd,davyd,davyd,davyd,davyd
GodCloud,0xa36411680ABBFd712E5F6C61DF054b5cf5ae6810,96,132,36,60,0,0,GodCloud,GodCloud,GodCloud,GodCloud,GodCloud,GodCloud
SwarthyHatter,0x4D16FCE1BD6E327AE31398CE9A2c4E12C077ecB1,90,,90,0,0,0,SwarthyHatter,SwarthyHatter,SwarthyHatter,SwarthyHatter,SwarthyHatter,SwarthyHatter
judasaca,0x0c4952550465840736f161d2d6878b8c3b31f330,85,105,0,35,0,50,judasaca,judasaca,judasaca,judasaca,judasaca,judasaca
Beaver Jam Club,0xf08d62405F064abc953Fe3052ea84b4c4Bd32678,79,79,69,10,0,0,Beaver Jam Club,Beaver Jam Club,Beaver Jam Club,Beaver Jam Club,Beaver Jam Club,Beaver Jam Club
Stonies,0x5118C2B4e66Eb91e83cCBedC021437A91E99f7c5,78,78,78,0,0,0,Stonies,Stonies,Stonies,Stonies,Stonies,Stonies
hop the don,0x81F2CB371985D4ecfe684011E489186Bac647702,76,76,76,0,0,0,hop the don,hop the don,hop the don,hop the don,hop the don,hop the don
Clejan,0x1105f52b534faf048cf5b35ab2bf1b302b9d57d2,75,75,65,10,0,0,Clejan,Clejan,Clejan,Clejan,Clejan,Clejan
losi,0x10c163364Fe153CadF6532a5B34481eeFB99D96d ,70,70,0,70,0,0,losi,losi,losi,losi,losi,losi
K3O$,0xDFbc0b0819F841CDdA9b418078B4304809600185,66,66,56,10,0,0,K3O$,K3O$,K3O$,K3O$,K3O$,K3O$
Kimiya,0x934Fbd975001ba40e3B8b2A7f180e74b12D0729f,65,65,65,0,0,0,Kimiya,Kimiya,Kimiya,Kimiya,Kimiya,Kimiya
kailani,0x0d08EC62B556d3DEC321A6097AB43c8488F9DfAF,65,65,55,10,0,0,kailani,kailani,kailani,kailani,kailani,kailani
GRLKRASH,0x4f6d0ca7e66d5e447862793f23904ba15f51f4de,60,60,0,60,0,0,GRLKRASH,GRLKRASH,GRLKRASH,GRLKRASH,GRLKRASH,GRLKRASH
Filip (FAETD),0x156F8717A5C213cFcCe01f7AB224bc983CE2f063,60,60,0,60,0,0,Filip (FAETD),Filip (FAETD),Filip (FAETD),Filip (FAETD),Filip (FAETD),Filip (FAETD)
smokewavy,0xeAe357BDe3dC9EC3bBF81f4239760B37aa318405,60,70,0,60,0,0,smokewavy,smokewavy,smokewavy,smokewavy,smokewavy,smokewavy
maxwell aden,0xBd5f00d011f76918637807F553694E7f2eb02Ea9,60,60,0,60,0,0,maxwell aden,maxwell aden,maxwell aden,maxwell aden,maxwell aden,maxwell aden
Timi Wale Lomo,0x6Bb1040CDC05DBb2b9dB70bBBC0266e01C52b325,60,60,0,60,0,0,Timi Wale Lomo,Timi Wale Lomo,Timi Wale Lomo,Timi Wale Lomo,Timi Wale Lomo,Timi Wale Lomo
Leo (Civil_Monkey),0xe5adabBD71225E8074E30ff6cE2a66c9319C071b,56,,56,0,0,0,Leo (Civil_Monkey),Leo (Civil_Monkey),Leo (Civil_Monkey),Leo (Civil_Monkey),Leo (Civil_Monkey),Leo (Civil_Monkey)
JWilZ,0x179EDd4a88e493eC6Ed6A367ECbe7635cc02314c,55,55,55,0,0,0,JWilZ,JWilZ,JWilZ,JWilZ,JWilZ,JWilZ
Wilson,0x122b0eaa0a4252CEfcB877f0BF608bAe2cF7CA9e,55,55,55,0,0,0,Wilson,Wilson,Wilson,Wilson,Wilson,Wilson
Jadyn,0x297de1cCdEbbe02873ee118F6888f511a4016cd4,50,50,0,50,0,0,Jadyn,Jadyn,Jadyn,Jadyn,Jadyn,Jadyn
Cristal Maze,,50,,0,50,0,0,Cristal Maze,Cristal Maze,Cristal Maze,Cristal Maze,Cristal Maze,Cristal Maze
NessytheRilla,0x3c85652f1784d154840ae327e57d31c82bd9754b,50,50,0,50,0,0,NessytheRilla,NessytheRilla,NessytheRilla,NessytheRilla,NessytheRilla,NessytheRilla
Jack Miller,,50,,0,50,0,0,Jack Miller,Jack Miller,Jack Miller,Jack Miller,Jack Miller,Jack Miller
BrookXKoda,,50,,0,50,0,0,BrookXKoda,BrookXKoda,BrookXKoda,BrookXKoda,BrookXKoda,BrookXKoda
GX,,50,,0,50,0,0,GX,GX,GX,GX,GX,GX
Zadan,0x77f70fc5e4a77d0e29E8bD611Da40a9C898488e1,50,,0,50,0,0,Zadan,Zadan,Zadan,Zadan,Zadan,Zadan
Marica,0x193a286d6b3301fffb7CB150b1c85F417c34BE8E,50,,0,50,0,0,Marica,Marica,Marica,Marica,Marica,Marica
Erin Hyvin,,50,,0,50,0,0,Erin Hyvin,Erin Hyvin,Erin Hyvin,Erin Hyvin,Erin Hyvin,Erin Hyvin
IzMpande,,50,,0,50,0,0,IzMpande,IzMpande,IzMpande,IzMpande,IzMpande,IzMpande
I am Thanos,,50,,0,50,0,0,I am Thanos,I am Thanos,I am Thanos,I am Thanos,I am Thanos,I am Thanos
Makk Jay,,50,,0,50,0,0,Makk Jay,Makk Jay,Makk Jay,Makk Jay,Makk Jay,Makk Jay
GritBeat,0x72fe009bd14a60cf653e656cc4a9523ff5bcabb1,50,,0,50,0,0,GritBeat,GritBeat,GritBeat,GritBeat,GritBeat,GritBeat
Phantom Mode,,50,,0,50,0,0,Phantom Mode,Phantom Mode,Phantom Mode,Phantom Mode,Phantom Mode,Phantom Mode
Goldilox,,50,,0,50,0,0,Goldilox,Goldilox,Goldilox,Goldilox,Goldilox,Goldilox
Formerly LEN,,50,,0,50,0,0,Formerly LEN,Formerly LEN,Formerly LEN,Formerly LEN,Formerly LEN,Formerly LEN
Hexidized,,50,,0,50,0,0,Hexidized,Hexidized,Hexidized,Hexidized,Hexidized,Hexidized
Meran,0x684D203c535daea5cd85392FAa50Cc0cb231B979,50,,0,0,0,50,Meran,Meran,Meran,Meran,Meran,Meran
Nasim,0x277AcFa0b8aaB0B891ab3429fDee800DA3B18fE9,50,,0,0,0,50,Nasim,Nasim,Nasim,Nasim,Nasim,Nasim
Марина Музыченко,0x0C1823a9c0928bc643473d049973e7428D92a5C6,50,,0,0,0,50,Марина Музыченко,Марина Музыченко,Марина Музыченко,Марина Музыченко,Марина Музыченко,Марина Музыченко
Frederick Godswill,0x1DDE560F2386bf497F04049a08E8FA40dB9b2144,50,,0,0,0,50,Frederick Godswill,Frederick Godswill,Frederick Godswill,Frederick Godswill,Frederick Godswill,Frederick Godswill
ArtElla,0x9599dccD7cB2355D47aC0da60baD1C83B2DD4e0A,50,,0,0,0,50,ArtElla,ArtElla,ArtElla,ArtElla,ArtElla,ArtElla
Lorem Ipsum,0x8fb6c453de2b64705956c61199e1f6df45cb7a2d,50,,0,0,0,50,Lorem Ipsum,Lorem Ipsum,Lorem Ipsum,Lorem Ipsum,Lorem Ipsum,Lorem Ipsum
Yulia (YO_DESi) Ovcharyk,0xdaa70Eac656777b11D7EdCCf67dD2dAd8240Bb8c,50,,0,0,0,50,Yulia (YO_DESi) Ovcharyk,Yulia (YO_DESi) Ovcharyk,Yulia (YO_DESi) Ovcharyk,Yulia (YO_DESi) Ovcharyk,Yulia (YO_DESi) Ovcharyk,Yulia (YO_DESi) Ovcharyk
Eli Shams,0x8Eec07693D06123aF17eEA6cAB3757F4952C710B,50,,0,0,0,50,Eli Shams,Eli Shams,Eli Shams,Eli Shams,Eli Shams,Eli Shams
Vasiawow,0x475f1ada912ded076fE9369Ff1366bfca4A69BAA,50,,0,0,0,50,Vasiawow,Vasiawow,Vasiawow,Vasiawow,Vasiawow,Vasiawow
Philip Giannattasio,0xc8c80654ebC3Df3b78C0282fcBD12f66ad8961A6,50,,0,0,0,50,Philip Giannattasio,Philip Giannattasio,Philip Giannattasio,Philip Giannattasio,Philip Giannattasio,Philip Giannattasio
Fereshteh Farmand,0xe9F595099f1260Eb723A5447BBC53Ac9FD11Cf4F,50,,0,0,0,50,Fereshteh Farmand,Fereshteh Farmand,Fereshteh Farmand,Fereshteh Farmand,Fereshteh Farmand,Fereshteh Farmand
Hero Granada,0x007aefc84c5e47bcc0f6f1e7028196e18f574398,50,,0,0,0,50,Hero Granada,Hero Granada,Hero Granada,Hero Granada,Hero Granada,Hero Granada
Before Day 1,0xa702eD4E6a82c8148Cc6B1DC7E22f19E4339fC68,50,50,0,50,0,0,Before Day 1,Before Day 1,Before Day 1,Before Day 1,Before Day 1,Before Day 1
Jayconnects,0x6df1Fd18Aaa9F1DD745e6E3Afc3ff8522a556889,44,44,34,10,0,0,JayConnects,JayConnects,JayConnects,JayConnects,Jayconnects,Jayconnects
Harvesto,0x2b98017359a08867D0f4060edC579D9d0585e8C1,42,,42,0,0,0,Harvesto,Harvesto,Harvesto,Harvesto,Harvesto,Harvesto
Dr. Bruce,0x74f1668CeA1E733B434DEc0D6DCf1F3EC64973d6,37,37,27,10,0,0,Dr. Bruce,Dr. Bruce,Dr. Bruce,Dr. Bruce,Dr. Bruce,Dr. Bruce
Cryptotony,0xD23AC3a45B429Cf276F16aCF3036eF23B1f37CF5,35,35,0,35,0,0,Cryptotony,Cryptotony,Cryptotony,Cryptotony,Cryptotony,Cryptotony
CD,0x0517a288d795905d955b1E9f005dC191956875F7,34,34,34,0,0,0,CD,CD,CD,CD,CD,CD
Vicid Flow,0xf027828a6D9A0618A2f419AB71Db39cf2295f027,34,34,34,0,0,0,Vicid Flow,Vicid Flow,Vicid Flow,Vicid Flow,Vicid Flow,Vicid Flow
Poison Peso,0xA32aC6F43458c40369385E60f704912B33312919,33,33,23,10,0,0,Poison Peso,Poison Peso,Poison Peso,Poison Peso,Poison Peso,Poison Peso
Clemzy,0x389522008fcee1f8bbe82c9fc9cb1538c3b20737 ,33,33,23,10,0,0,Clemzy,Clemzy,Clemzy,Clemzy,Clemzy,Clemzy
DSQISE,0x444a327B63850AeC4D9b7487d39eF4D3F3a7cDFD,33,33,33,0,0,0,DSQISE,DSQISE,DSQISE,DSQISE,DSQISE,DSQISE
jay.noted,0x9f92E205FAB7846e76903b087d4d98F3ba7a20E4,32,32,22,10,0,0,jay.noted,jay.noted,jay.noted,jay.noted,jay.noted,jay.noted
Angel,0x86354d410d57E0acb8321cb2692b34B2Ff68341A,28,28,23,5,0,0,Angel,Angel,Angel,Angel,Angel,Angel
Bacon Sandwhich,0x161bf804F9E50eE203024335Ce927dCB411aE946,25,25,0,25,0,0,Bacon Sandwhich,Bacon Sandwhich,Bacon Sandwhich,Bacon Sandwhich,Bacon Sandwhich,Bacon Sandwhich
Feliq,0x9A499eD2f72F703655D4f4aC75AFC072e4d519D4,25,25,0,25,0,0,Feliq,Feliq,Feliq,Feliq,Feliq,Feliq
Kayll,0xd3390619331cbd1a0afb9f9bbb2177f69a8a13d5,25,25,0,25,0,0,Kayll,Kayll,Kayll,Kayll,Kayll,Kayll
Craig G,0x8902902F8f5AA3123D0B8e6717b015e847D11320,23,23,23,0,0,0,Craig G,Craig G,Craig G,Craig G,Craig G,Craig G
Dan Shinder,,23,,23,0,0,0,Dan Shinder,Dan Shinder,Dan Shinder,Dan Shinder,Dan Shinder,Dan Shinder
Miss Ev,,22,44,22,0,0,0,Miss Ev,Miss Ev,Miss Ev,Miss Ev,Miss Ev,Miss Ev
Tic,0x2cdB521cEADD3401Cc30b6AEEaE58D059fee0732,20,,20,0,0,0,Tic,Tic,Tic,Tic,Tic,Tic
Penguin,0xfaCEf700458D4Fc9746F7f3e0d37B462711fF09e,20,,20,0,0,0,Penguin,Penguin,Penguin,Penguin,Penguin,Penguin
Boch,0x8f59aa0f586D6D941152b9075B344cdC42E9b024,15,10,0,15,0,0,Boch,Boch,Boch,Boch,Boch,Boch
Amanda Dragons,0x1F069Ed706f9F8A156fc18679ee0C30Db5953bbD,13,13,13,0,0,0,Amanda Dragons,Amanda Dragons,Amanda Dragons,Amanda Dragons,Amanda Dragons,Amanda Dragons
Pyricato,0xAB5A7891e95bD14FF7c3a35B47B8AEeF562d1444,10,10,0,10,0,0,Pyricato,Pyricato,Pyricato,Pyricato,Pyricato,Pyricato
Jaystreetz,0x081474eA6Ba4EE05b685cEac097771B121eD2Ea9,10,,0,10,0,0,Jaystreetz,Jaystreetz,Jaystreetz,Jaystreetz,Jaystreetz,Jaystreetz
DUCK,,10,,0,10,0,0,DUCK,DUCK,DUCK,DUCK,DUCK,DUCK
Eye-Rye,0x7b10F92A052E8630Ec398caFD7F14a5e39eEb960,10,10,0,10,0,0,Eye-Rye,Eye-Rye,Eye-Rye,Eye-Rye,Eye-Rye,Eye-Rye
Lemon,0xb940daa644b080087dd027c7e0cb68cb1ce22805,10,10,0,10,0,0,Lemon,Lemon,Lemon,Lemon,Lemon,Lemon
Nessa,0xd46b94375251d1A6caebAE37953eaF2177E6DE52,10,10,0,10,0,0,Nessa,Nessa,Nessa,Nessa,Nessa,Nessa
Gabe-SigueInventando,0x9288a0c657c43182AF1E6bA714410a627214c4Fd,10,10,0,10,0,0,Gabe-SigueInventando,Gabe-SigueInventando,Gabe-SigueInventando,Gabe-SigueInventando,Gabe-SigueInventando,Gabe-SigueInventando
Demmy,0xCADa053eDaaCae7e4B38Bd5761FedC61CE61D7E8,10,10,0,10,0,0,Demmy,Demmy,Demmy,Demmy,Demmy,Demmy
Macho Migoo,0x381777f8e01FA59Bfb26C339deC98595fa4E7E9e,10,10,0,10,0,0,Macho Migoo,Macho Migoo,Macho Migoo,Macho Migoo,Macho Migoo,Macho Migoo
The hill,,10,,0,10,0,0,The hill,The hill,The hill,The hill,The hill,The hill
Polygon Elijah,0x8c44ba8c6d796d377ce13bc2b8c3def0939bbb4b,10,10,0,10,0,0,Polygon Elijah,Polygon Elijah,Polygon Elijah,Polygon Elijah,Polygon Elijah,Polygon Elijah
Issac Bell,,10,,0,10,0,0,Issac Bell,Issac Bell,Issac Bell,Issac Bell,Issac Bell,Issac Bell
deez,0x4260614dc21676B1AA75Dbe4a50A3b416C4c0CD6,10,10,0,10,0,0,deez,deez,deez,deez,deez,deez
hodlon,0x4E443cDaff5c09a467eC5eE7e8b230bA463cBBBb,10,10,0,10,0,0,hodlon,hodlon,hodlon,hodlon,hodlon,hodlon
0xJack,0x328F0790D9AC6d3f4B65b655dD2f1440488eC3a8,10,10,0,10,0,0,0xJack,0xJack,0xJack,0xJack,0xJack,0xJack
Tre (Vader),0x26b4a8E9C7ecc7e3B7d46ca83BEE1Aa9e0Af35A1,10,20,0,10,0,0,Tre (Vader),Tre (Vader),Tre (Vader),Tre (Vader),Tre (Vader),Tre (Vader)
Blake,0x6984aBF56f07A9b77F9c86505662dF02abD18Ca9,10,10,0,10,0,0,Blake,Blake,Blake,Blake,Blake,Blake
Christian (Doglins),,10,,0,10,0,0,Christian (Doglins),Christian (Doglins),Christian (Doglins),Christian (Doglins),Christian (Doglins),Christian (Doglins)
Thy Rev,0x5eCC8a94C117Eeb5c6233600927E941c2548d574,10,10,0,10,0,0,Thy Rev,Thy Rev,Thy Rev,Thy Rev,Thy Rev,Thy Rev
Michelle,0x85e767682094aCe9b788597042c5bcdcFcF8a395,10,10,10,0,0,0,Michelle,Michelle,Michelle,Michelle,Michelle,Michelle
XTincT,0x381CC779761212344f8400373a994d29E17522c6,10,,10,0,0,0,XTincT,XTincT,XTincT,XTincT,XTincT,XTincT
Dan (Anubis),0x35B47F98162aEF16555435a2A5655fd5645842Cc,10,,10,0,0,0,Dan (Anubis),Dan (Anubis),Dan (Anubis),Dan (Anubis),Dan (Anubis),Dan (Anubis)
Trislet,,10,,10,0,0,0,Trislet,Trislet,Trislet,Trislet,Trislet,Trislet
Iman,,10,,10,0,0,0,Iman,Iman,Iman,Iman,Iman,Iman
Joel,0x570e563BA92589AD6b31f3269D24Cb21E5a45CaD,10,,10,0,0,0,Joel,Joel,Joel,Joel,Joel,Joel
Nico,0x9763C16Dd7dEb17D33355d999cf2dA219Cec9EEA,10,,10,0,0,0,Nico,Nico,Nico,Nico,Nico,Nico
Nate Dinero,0x1d2f6243B964ffAD6c7e72c1eC7d3EDd2DEEcdD3,8,8,8,0,0,0,Nate Dinero,Nate Dinero,Nate Dinero,Nate Dinero,Nate Dinero,Nate Dinero
MsFathom,0xc5005787291C5bFBfBDEe13DFba6a138744E64F6,5,5,0,5,0,0,MsFathom,MsFathom,MsFathom,MsFathom,MsFathom,MsFathom
Raqs (old wallet),,0,85,0,0,0,0,Raqs (old wallet),Raqs (old wallet),Raqs (old wallet),Raqs (old wallet),Raqs (old wallet),Raqs (old wallet)
RJ,,0,,0,0,0,0,RJ,RJ,RJ,RJ,RJ,RJ
Christano,0xB1B243a3B0b89eC638A9601dc7eb59f7b2C3F3b6,0,,0,0,0,0,Christano,Christano,Christano,Christano,Christano,Christano
J3nn (OneLOVE),,0,,0,0,0,0,J3nn (OneLOVE),J3nn (OneLOVE),J3nn (OneLOVE),J3nn (OneLOVE),J3nn (OneLOVE),J3nn (OneLOVE)
john blackwell (old wallet),,0,247,0,0,0,0,john blackwell (old wallet),john blackwell (old wallet),john blackwell (old wallet),john blackwell (old wallet),john blackwell (old wallet),john blackwell (old wallet)
Mojo The Ghost,0xd7C87dA92bE8a2157Af86641b12C9175632004dd,0,,0,0,0,0,Mojo The Ghost,Mojo The Ghost,Mojo The Ghost,Mojo The Ghost,Mojo The Ghost,Mojo The Ghost
Paul Point,0x9ca1971786778085be2fEa12304Ec48E18d558FB,0,,0,0,0,0,Paul Point,Paul Point,Paul Point,Paul Point,Paul Point,Paul Point
Ritzy P,0x66341CD678e24Af7F3bcb2bBFa77fc18A8e80599,0,,0,0,0,0,Ritzy P,Ritzy P,Ritzy P,Ritzy P,Ritzy P,Ritzy P
Nani,0x530B77A1cB86dfb343cC07d60287f36AC2892A46,0,,0,0,0,0,Nani,Nani,Nani,Nani,Nani,Nani
Yoshiro Mare,0x94734E11b78680a35b0A86ba3ce634d334d6d2A7,0,,0,0,0,0,Yoshiro Mare,Yoshiro Mare,Yoshiro Mare,Yoshiro Mare,Yoshiro Mare,Yoshiro Mare
Steve Strange,0x07686BedB0102E47D33Cec73307D2CC391aFf396,0,,0,0,0,0,Steve Strange,Steve Strange,Steve Strange,Steve Strange,Steve Strange,Steve Strange
Sven,0x0c687a27410E8a655Bf31befc4c88237A60B1D3D,0,,0,0,0,0,Sven,Sven,Sven,Sven,Sven,Sven
DopeStilo copy,0x21BC394f9f7B52d632e2b22B5B5c6a4ab922d75B,0,510,0,0,0,0,DopeStilo copy,DopeStilo copy,DopeStilo copy,DopeStilo copy,DopeStilo copy,DopeStilo copy